product_url,name,size,available,price,compare_at_price,image_url
https://uk.representclo.com/products/247-aero-shorts-jet-black,247 Aero Shorts Jet Black,XXS,False,90.0,,https://scdn.speedsize.com/fbaf6506-81e1-43a2-bcc1-80e18c7b0146/uk.representclo.com/cdn/shop/files/Fm5A2fGFL1ypImCawbGnFsRf9s55zHLovcOU0mxi1dM.jpg?crop=center&height=1200&v=1773248799&width=1200
https://uk.representclo.com/products/247-aero-shorts-jet-black,247 Aero Shorts Jet Black,XS,True,90.0,,https://scdn.speedsize.com/fbaf6506-81e1-43a2-bcc1-80e18c7b0146/uk.representclo.com/cdn/shop/files/Fm5A2fGFL1ypImCawbGnFsRf9s55zHLovcOU0mxi1dM.jpg?crop=center&height=1200&v=1773248799&width=1200
https://uk.representclo.com/products/247-aero-shorts-jet-black,247 Aero Shorts Jet Black,S,True,90.0,,https://scdn.speedsize.com/fbaf6506-81e1-43a2-bcc1-80e18c7b0146/uk.representclo.com/cdn/shop/files/Fm5A2fGFL1ypImCawbGnFsRf9s55zHLovcOU0mxi1dM.jpg?crop=center&height=1200&v=1773248799&width=1200
https://uk.representclo.com/products/247-aero-shorts-jet-black,247 Aero Shorts Jet Black,M,True,90.0,,https://scdn.speedsize.com/fbaf6506-81e1-43a2-bcc1-80e18c7b0146/uk.representclo.com/cdn/shop/files/Fm5A2fGFL1ypImCawbGnFsRf9s55zHLovcOU0mxi1dM.jpg?crop=center&height=1200&v=1773248799&width=1200
https://uk.representclo.com/products/247-aero-shorts-jet-black,247 Aero Shorts Jet Black,L,True,90.0,,https://scdn.speedsize.com/fbaf6506-81e1-43a2-bcc1-80e18c7b0146/uk.representclo.com/cdn/shop/files/Fm5A2fGFL1ypImCawbGnFsRf9s55zHLovcOU0mxi1dM.jpg?crop=center&height=1200&v=1773248799&width=1200
https://uk.representclo.com/products/247-aero-shorts-jet-black,247 Aero Shorts Jet Black,XL,True,90.0,,https://scdn.speedsize.com/fbaf6506-81e1-43a2-bcc1-80e18c7b0146/uk.representclo.com/cdn/shop/files/Fm5A2fGFL1ypImCawbGnFsRf9s55zHLovcOU0mxi1dM.jpg?crop=center&height=1200&v=1773248799&width=1200
https://uk.representclo.com/products/247-aero-shorts-jet-black,247 Aero Shorts Jet Black,XXL,True,90.0,,https://scdn.speedsize.com/fbaf6506-81e1-43a2-bcc1-80e18c7b0146/uk.representclo.com/cdn/shop/files/Fm5A2fGFL1ypImCawbGnFsRf9s55zHLovcOU0mxi1dM.jpg?crop=center&height=1200&v=1773248799&width=1200
https://uk.representclo.com/products/247-arc-1-runner-winter-steel,247 Arc-1 Runner Winter - Steel,UK6 / EU40 / US7,True,210.0,,https://scdn.speedsize.com/fbaf6506-81e1-43a2-bcc1-80e18c7b0146/uk.representclo.com/cdn/shop/files/247Arcwintersteel_01.jpg?crop=center&height=1200&v=1762372222&width=1200
https://uk.representclo.com/products/247-arc-1-runner-winter-steel,247 Arc-1 Runner Winter - Steel,UK6.5 / EU40.5 / US7.5,False,210.0,,https://scdn.speedsize.com/fbaf6506-81e1-43a2-bcc1-80e18c7b0146/uk.representclo.com/cdn/shop/files/247Arcwintersteel_01.jpg?crop=center&height=1200&v=1762372222&width=1200
https://uk.representclo.com/products/247-arc-1-runner-winter-steel,247 Arc-1 Runner Winter - Steel,UK7 / EU41 / US8,True,210.0,,https://scdn.speedsize.com/fbaf6506-81e1-43a2-bcc1-80e18c7b0146/uk.representclo.com/cdn/shop/files/247Arcwintersteel_01.jpg?crop=center&height=1200&v=1762372222&width=1200
https://uk.representclo.com/products/247-arc-1-runner-winter-steel,247 Arc-1 Runner Winter - Steel,UK7.5 / EU41.5 / US8.5,False,210.0,,https://scdn.speedsize.com/fbaf6506-81e1-43a2-bcc1-80e18c7b0146/uk.representclo.com/cdn/shop/files/247Arcwintersteel_01.jpg?crop=center&height=1200&v=1762372222&width=1200
https://uk.representclo.com/products/247-arc-1-runner-winter-steel,247 Arc-1 Runner Winter - Steel,UK8 / EU42 / US9,True,210.0,,https://scdn.speedsize.com/fbaf6506-81e1-43a2-bcc1-80e18c7b0146/uk.representclo.com/cdn/shop/files/247Arcwintersteel_01.jpg?crop=center&height=1200&v=1762372222&width=1200
https://uk.representclo.com/products/247-arc-1-runner-winter-steel,247 Arc-1 Runner Winter - Steel,UK8.5 / EU42.5 / US9.5,False,210.0,,https://scdn.speedsize.com/fbaf6506-81e1-43a2-bcc1-80e18c7b0146/uk.representclo.com/cdn/shop/files/247Arcwintersteel_01.jpg?crop=center&height=1200&v=1762372222&width=1200
https://uk.representclo.com/products/247-arc-1-runner-winter-steel,247 Arc-1 Runner Winter - Steel,UK9 / EU43 / US10,True,210.0,,https://scdn.speedsize.com/fbaf6506-81e1-43a2-bcc1-80e18c7b0146/uk.representclo.com/cdn/shop/files/247Arcwintersteel_01.jpg?crop=center&height=1200&v=1762372222&width=1200
https://uk.representclo.com/products/247-arc-1-runner-winter-steel,247 Arc-1 Runner Winter - Steel,UK9.5 / EU43.5 / US10.5,True,210.0,,https://scdn.speedsize.com/fbaf6506-81e1-43a2-bcc1-80e18c7b0146/uk.representclo.com/cdn/shop/files/247Arcwintersteel_01.jpg?crop=center&height=1200&v=1762372222&width=1200
https://uk.representclo.com/products/247-arc-1-runner-winter-steel,247 Arc-1 Runner Winter - Steel,UK10 / EU44 / US11,False,210.0,,https://scdn.speedsize.com/fbaf6506-81e1-43a2-bcc1-80e18c7b0146/uk.representclo.com/cdn/shop/files/247Arcwintersteel_01.jpg?crop=center&height=1200&v=1762372222&width=1200
https://uk.representclo.com/products/247-arc-1-runner-winter-steel,247 Arc-1 Runner Winter - Steel,UK10.5 / EU44.5 / US11.5,False,210.0,,https://scdn.speedsize.com/fbaf6506-81e1-43a2-bcc1-80e18c7b0146/uk.representclo.com/cdn/shop/files/247Arcwintersteel_01.jpg?crop=center&height=1200&v=1762372222&width=1200
https://uk.representclo.com/products/247-arc-1-runner-winter-steel,247 Arc-1 Runner Winter - Steel,UK11 / EU45 / US12,False,210.0,,https://scdn.speedsize.com/fbaf6506-81e1-43a2-bcc1-80e18c7b0146/uk.representclo.com/cdn/shop/files/247Arcwintersteel_01.jpg?crop=center&height=1200&v=1762372222&width=1200
https://uk.representclo.com/products/247-arc-1-runner-winter-steel,247 Arc-1 Runner Winter - Steel,UK11.5 / EU45.5 / US12.5,False,210.0,,https://scdn.speedsize.com/fbaf6506-81e1-43a2-bcc1-80e18c7b0146/uk.representclo.com/cdn/shop/files/247Arcwintersteel_01.jpg?crop=center&height=1200&v=1762372222&width=1200
https://uk.representclo.com/products/247-arc-1-runner-winter-steel,247 Arc-1 Runner Winter - Steel,UK12 / EU46 / US13,True,210.0,,https://scdn.speedsize.com/fbaf6506-81e1-43a2-bcc1-80e18c7b0146/uk.representclo.com/cdn/shop/files/247Arcwintersteel_01.jpg?crop=center&height=1200&v=1762372222&width=1200
https://uk.representclo.com/products/247-arc-1-runner-winter-steel,247 Arc-1 Runner Winter - Steel,UK12.5 / EU46.5 / US13.5,False,210.0,,https://scdn.speedsize.com/fbaf6506-81e1-43a2-bcc1-80e18c7b0146/uk.representclo.com/cdn/shop/files/247Arcwintersteel_01.jpg?crop=center&height=1200&v=1762372222&width=1200
https://uk.representclo.com/products/247-arc-1-runner-winter-steel,247 Arc-1 Runner Winter - Steel,UK13 / EU47 / US14,False,210.0,,https://scdn.speedsize.com/fbaf6506-81e1-43a2-bcc1-80e18c7b0146/uk.representclo.com/cdn/shop/files/247Arcwintersteel_01.jpg?crop=center&height=1200&v=1762372222&width=1200
https://uk.representclo.com/products/247-arc-4-race-sock-jet-black,247 Arc-4 Race Sock - Jet Black,One Size,True,20.0,,https://scdn.speedsize.com/fbaf6506-81e1-43a2-bcc1-80e18c7b0146/uk.representclo.com/cdn/shop/files/WR0Bmhal1ykp_hLd9J-ArhGN4fPVgwQngIxhuTxOPrA.jpg?crop=center&height=1200&v=1770204697&width=1200
https://uk.representclo.com/products/247-berlin-singlet-purple,247 Berlin Singlet - Purple,XS,False,80.0,,https://scdn.speedsize.com/fbaf6506-81e1-43a2-bcc1-80e18c7b0146/uk.representclo.com/cdn/shop/files/XPjZTalXTiq_SWVE4XNVGL3kWWTW30CWbDyFB_3VBFQ.jpg?crop=center&height=1200&v=1757923780&width=1200
https://uk.representclo.com/products/247-berlin-singlet-purple,247 Berlin Singlet - Purple,S,True,80.0,,https://scdn.speedsize.com/fbaf6506-81e1-43a2-bcc1-80e18c7b0146/uk.representclo.com/cdn/shop/files/XPjZTalXTiq_SWVE4XNVGL3kWWTW30CWbDyFB_3VBFQ.jpg?crop=center&height=1200&v=1757923780&width=1200
https://uk.representclo.com/products/247-berlin-singlet-purple,247 Berlin Singlet - Purple,M,False,80.0,,https://scdn.speedsize.com/fbaf6506-81e1-43a2-bcc1-80e18c7b0146/uk.representclo.com/cdn/shop/files/XPjZTalXTiq_SWVE4XNVGL3kWWTW30CWbDyFB_3VBFQ.jpg?crop=center&height=1200&v=1757923780&width=1200
https://uk.representclo.com/products/247-berlin-singlet-purple,247 Berlin Singlet - Purple,L,False,80.0,,https://scdn.speedsize.com/fbaf6506-81e1-43a2-bcc1-80e18c7b0146/uk.representclo.com/cdn/shop/files/XPjZTalXTiq_SWVE4XNVGL3kWWTW30CWbDyFB_3VBFQ.jpg?crop=center&height=1200&v=1757923780&width=1200
https://uk.representclo.com/products/247-berlin-singlet-purple,247 Berlin Singlet - Purple,XL,True,80.0,,https://scdn.speedsize.com/fbaf6506-81e1-43a2-bcc1-80e18c7b0146/uk.representclo.com/cdn/shop/files/XPjZTalXTiq_SWVE4XNVGL3kWWTW30CWbDyFB_3VBFQ.jpg?crop=center&height=1200&v=1757923780&width=1200
https://uk.representclo.com/products/247-berlin-singlet-purple,247 Berlin Singlet - Purple,XXL,True,80.0,,https://scdn.speedsize.com/fbaf6506-81e1-43a2-bcc1-80e18c7b0146/uk.representclo.com/cdn/shop/files/XPjZTalXTiq_SWVE4XNVGL3kWWTW30CWbDyFB_3VBFQ.jpg?crop=center&height=1200&v=1757923780&width=1200
https://uk.representclo.com/products/247-contour-2-in-1-run-shorts-black,247 Contour 2-In-1 Run Shorts - Black,XS,True,100.0,,https://scdn.speedsize.com/fbaf6506-81e1-43a2-bcc1-80e18c7b0146/uk.representclo.com/cdn/shop/files/oGN9ImpaP8nrfvcbN_GPDOFG49hsGNYdC0rp7hkZ28M.jpg?crop=center&height=1200&v=1740587674&width=1200
https://uk.representclo.com/products/247-contour-2-in-1-run-shorts-black,247 Contour 2-In-1 Run Shorts - Black,S,True,100.0,,https://scdn.speedsize.com/fbaf6506-81e1-43a2-bcc1-80e18c7b0146/uk.representclo.com/cdn/shop/files/oGN9ImpaP8nrfvcbN_GPDOFG49hsGNYdC0rp7hkZ28M.jpg?crop=center&height=1200&v=1740587674&width=1200
https://uk.representclo.com/products/247-contour-2-in-1-run-shorts-black,247 Contour 2-In-1 Run Shorts - Black,M,False,100.0,,https://scdn.speedsize.com/fbaf6506-81e1-43a2-bcc1-80e18c7b0146/uk.representclo.com/cdn/shop/files/oGN9ImpaP8nrfvcbN_GPDOFG49hsGNYdC0rp7hkZ28M.jpg?crop=center&height=1200&v=1740587674&width=1200
https://uk.representclo.com/products/247-contour-2-in-1-run-shorts-black,247 Contour 2-In-1 Run Shorts - Black,L,False,100.0,,https://scdn.speedsize.com/fbaf6506-81e1-43a2-bcc1-80e18c7b0146/uk.representclo.com/cdn/shop/files/oGN9ImpaP8nrfvcbN_GPDOFG49hsGNYdC0rp7hkZ28M.jpg?crop=center&height=1200&v=1740587674&width=1200
https://uk.representclo.com/products/247-contour-2-in-1-run-shorts-black,247 Contour 2-In-1 Run Shorts - Black,XL,True,100.0,,https://scdn.speedsize.com/fbaf6506-81e1-43a2-bcc1-80e18c7b0146/uk.representclo.com/cdn/shop/files/oGN9ImpaP8nrfvcbN_GPDOFG49hsGNYdC0rp7hkZ28M.jpg?crop=center&height=1200&v=1740587674&width=1200
https://uk.representclo.com/products/247-contour-2-in-1-run-shorts-black,247 Contour 2-In-1 Run Shorts - Black,XXL,False,100.0,,https://scdn.speedsize.com/fbaf6506-81e1-43a2-bcc1-80e18c7b0146/uk.representclo.com/cdn/shop/files/oGN9ImpaP8nrfvcbN_GPDOFG49hsGNYdC0rp7hkZ28M.jpg?crop=center&height=1200&v=1740587674&width=1200
https://uk.representclo.com/products/247-dna-graphic-t-shirt-jet-black-26,247 DNA T-Shirt 2.0- Jet Black,XS,True,70.0,,https://scdn.speedsize.com/fbaf6506-81e1-43a2-bcc1-80e18c7b0146/uk.representclo.com/cdn/shop/files/HC4nkh6vHlskUIu-U4RxRGdyU-i6ngUWBEySZ-sV1nc.jpg?crop=center&height=1200&v=1780651875&width=1200
https://uk.representclo.com/products/247-dna-graphic-t-shirt-jet-black-26,247 DNA T-Shirt 2.0- Jet Black,S,True,70.0,,https://scdn.speedsize.com/fbaf6506-81e1-43a2-bcc1-80e18c7b0146/uk.representclo.com/cdn/shop/files/HC4nkh6vHlskUIu-U4RxRGdyU-i6ngUWBEySZ-sV1nc.jpg?crop=center&height=1200&v=1780651875&width=1200
https://uk.representclo.com/products/247-dna-graphic-t-shirt-jet-black-26,247 DNA T-Shirt 2.0- Jet Black,M,True,70.0,,https://scdn.speedsize.com/fbaf6506-81e1-43a2-bcc1-80e18c7b0146/uk.representclo.com/cdn/shop/files/HC4nkh6vHlskUIu-U4RxRGdyU-i6ngUWBEySZ-sV1nc.jpg?crop=center&height=1200&v=1780651875&width=1200
https://uk.representclo.com/products/247-dna-graphic-t-shirt-jet-black-26,247 DNA T-Shirt 2.0- Jet Black,L,True,70.0,,https://scdn.speedsize.com/fbaf6506-81e1-43a2-bcc1-80e18c7b0146/uk.representclo.com/cdn/shop/files/HC4nkh6vHlskUIu-U4RxRGdyU-i6ngUWBEySZ-sV1nc.jpg?crop=center&height=1200&v=1780651875&width=1200
https://uk.representclo.com/products/247-dna-graphic-t-shirt-jet-black-26,247 DNA T-Shirt 2.0- Jet Black,XL,True,70.0,,https://scdn.speedsize.com/fbaf6506-81e1-43a2-bcc1-80e18c7b0146/uk.representclo.com/cdn/shop/files/HC4nkh6vHlskUIu-U4RxRGdyU-i6ngUWBEySZ-sV1nc.jpg?crop=center&height=1200&v=1780651875&width=1200
https://uk.representclo.com/products/247-dna-graphic-t-shirt-jet-black-26,247 DNA T-Shirt 2.0- Jet Black,XXL,False,70.0,,https://scdn.speedsize.com/fbaf6506-81e1-43a2-bcc1-80e18c7b0146/uk.representclo.com/cdn/shop/files/HC4nkh6vHlskUIu-U4RxRGdyU-i6ngUWBEySZ-sV1nc.jpg?crop=center&height=1200&v=1780651875&width=1200
https://uk.representclo.com/products/247-numbers-cap-graphite-grey,247 Numbers Cap - Graphite Grey,One Size,False,45.0,,https://scdn.speedsize.com/fbaf6506-81e1-43a2-bcc1-80e18c7b0146/uk.representclo.com/cdn/shop/files/ehGNl4MZSniUBKnOF51sVCCpjJgmIptnDhe0dQl7Q18.jpg?crop=center&height=1200&v=1773249258&width=1200
https://uk.representclo.com/products/247-oversized-t-shirt-jet-black-1,247 Oversized T-Shirt - Jet Black,XS,True,70.0,,https://scdn.speedsize.com/fbaf6506-81e1-43a2-bcc1-80e18c7b0146/uk.representclo.com/cdn/shop/files/KOtPlON1VUHYkheism9k6tAyspKAoCA4D39eGJA2aMo.jpg?crop=center&height=1200&v=1780064088&width=1200
https://uk.representclo.com/products/247-oversized-t-shirt-jet-black-1,247 Oversized T-Shirt - Jet Black,S,True,70.0,,https://scdn.speedsize.com/fbaf6506-81e1-43a2-bcc1-80e18c7b0146/uk.representclo.com/cdn/shop/files/KOtPlON1VUHYkheism9k6tAyspKAoCA4D39eGJA2aMo.jpg?crop=center&height=1200&v=1780064088&width=1200
https://uk.representclo.com/products/247-oversized-t-shirt-jet-black-1,247 Oversized T-Shirt - Jet Black,M,True,70.0,,https://scdn.speedsize.com/fbaf6506-81e1-43a2-bcc1-80e18c7b0146/uk.representclo.com/cdn/shop/files/KOtPlON1VUHYkheism9k6tAyspKAoCA4D39eGJA2aMo.jpg?crop=center&height=1200&v=1780064088&width=1200
https://uk.representclo.com/products/247-oversized-t-shirt-jet-black-1,247 Oversized T-Shirt - Jet Black,L,True,70.0,,https://scdn.speedsize.com/fbaf6506-81e1-43a2-bcc1-80e18c7b0146/uk.representclo.com/cdn/shop/files/KOtPlON1VUHYkheism9k6tAyspKAoCA4D39eGJA2aMo.jpg?crop=center&height=1200&v=1780064088&width=1200
https://uk.representclo.com/products/247-oversized-t-shirt-jet-black-1,247 Oversized T-Shirt - Jet Black,XL,True,70.0,,https://scdn.speedsize.com/fbaf6506-81e1-43a2-bcc1-80e18c7b0146/uk.representclo.com/cdn/shop/files/KOtPlON1VUHYkheism9k6tAyspKAoCA4D39eGJA2aMo.jpg?crop=center&height=1200&v=1780064088&width=1200
https://uk.representclo.com/products/247-oversized-t-shirt-jet-black-1,247 Oversized T-Shirt - Jet Black,XXL,True,70.0,,https://scdn.speedsize.com/fbaf6506-81e1-43a2-bcc1-80e18c7b0146/uk.representclo.com/cdn/shop/files/KOtPlON1VUHYkheism9k6tAyspKAoCA4D39eGJA2aMo.jpg?crop=center&height=1200&v=1780064088&width=1200
https://uk.representclo.com/products/represent-long-board-smoked-teal,Represent Long Board - Smoked Teal,One Size,False,495.0,,https://scdn.speedsize.com/fbaf6506-81e1-43a2-bcc1-80e18c7b0146/uk.representclo.com/cdn/shop/files/olrO3QvygsaiGYUsaOGbxgVz3svEBGxyhl7xupH35Wo.jpg?crop=center&height=1200&v=1779808843&width=1200
https://uk.representclo.com/products/represent-owners-club-hoodie-flat-white,Represent Owners Club Hoodie - Flat White,XXS,True,160.0,,https://scdn.speedsize.com/fbaf6506-81e1-43a2-bcc1-80e18c7b0146/uk.representclo.com/cdn/shop/files/0001s_0000_Curves12copy_0010_Background.jpg?crop=center&height=1200&v=1774859464&width=1200
https://uk.representclo.com/products/represent-owners-club-hoodie-flat-white,Represent Owners Club Hoodie - Flat White,XS,True,160.0,,https://scdn.speedsize.com/fbaf6506-81e1-43a2-bcc1-80e18c7b0146/uk.representclo.com/cdn/shop/files/0001s_0000_Curves12copy_0010_Background.jpg?crop=center&height=1200&v=1774859464&width=1200
https://uk.representclo.com/products/represent-owners-club-hoodie-flat-white,Represent Owners Club Hoodie - Flat White,S,True,160.0,,https://scdn.speedsize.com/fbaf6506-81e1-43a2-bcc1-80e18c7b0146/uk.representclo.com/cdn/shop/files/0001s_0000_Curves12copy_0010_Background.jpg?crop=center&height=1200&v=1774859464&width=1200
https://uk.representclo.com/products/represent-owners-club-hoodie-flat-white,Represent Owners Club Hoodie - Flat White,M,True,160.0,,https://scdn.speedsize.com/fbaf6506-81e1-43a2-bcc1-80e18c7b0146/uk.representclo.com/cdn/shop/files/0001s_0000_Curves12copy_0010_Background.jpg?crop=center&height=1200&v=1774859464&width=1200
https://uk.representclo.com/products/represent-owners-club-hoodie-flat-white,Represent Owners Club Hoodie - Flat White,L,True,160.0,,https://scdn.speedsize.com/fbaf6506-81e1-43a2-bcc1-80e18c7b0146/uk.representclo.com/cdn/shop/files/0001s_0000_Curves12copy_0010_Background.jpg?crop=center&height=1200&v=1774859464&width=1200
https://uk.representclo.com/products/represent-owners-club-hoodie-flat-white,Represent Owners Club Hoodie - Flat White,XL,True,160.0,,https://scdn.speedsize.com/fbaf6506-81e1-43a2-bcc1-80e18c7b0146/uk.representclo.com/cdn/shop/files/0001s_0000_Curves12copy_0010_Background.jpg?crop=center&height=1200&v=1774859464&width=1200
https://uk.representclo.com/products/represent-owners-club-hoodie-flat-white,Represent Owners Club Hoodie - Flat White,XXL,True,160.0,,https://scdn.speedsize.com/fbaf6506-81e1-43a2-bcc1-80e18c7b0146/uk.representclo.com/cdn/shop/files/0001s_0000_Curves12copy_0010_Background.jpg?crop=center&height=1200&v=1774859464&width=1200
https://uk.representclo.com/products/represent-owners-club-long-sleeve-t-shirt-chalk,Represent Owners Club Long Sleeve T-Shirt - Chalk,XS,True,110.0,,https://scdn.speedsize.com/fbaf6506-81e1-43a2-bcc1-80e18c7b0146/uk.representclo.com/cdn/shop/files/lvRe6H8bxPU8aT6f93KXHMeIJ1OxYQbOLDZZQQBPBQg.jpg?crop=center&height=1200&v=1778059945&width=1200
https://uk.representclo.com/products/represent-owners-club-long-sleeve-t-shirt-chalk,Represent Owners Club Long Sleeve T-Shirt - Chalk,S,True,110.0,,https://scdn.speedsize.com/fbaf6506-81e1-43a2-bcc1-80e18c7b0146/uk.representclo.com/cdn/shop/files/lvRe6H8bxPU8aT6f93KXHMeIJ1OxYQbOLDZZQQBPBQg.jpg?crop=center&height=1200&v=1778059945&width=1200
https://uk.representclo.com/products/represent-owners-club-long-sleeve-t-shirt-chalk,Represent Owners Club Long Sleeve T-Shirt - Chalk,M,True,110.0,,https://scdn.speedsize.com/fbaf6506-81e1-43a2-bcc1-80e18c7b0146/uk.representclo.com/cdn/shop/files/lvRe6H8bxPU8aT6f93KXHMeIJ1OxYQbOLDZZQQBPBQg.jpg?crop=center&height=1200&v=1778059945&width=1200
https://uk.representclo.com/products/represent-owners-club-long-sleeve-t-shirt-chalk,Represent Owners Club Long Sleeve T-Shirt - Chalk,L,True,110.0,,https://scdn.speedsize.com/fbaf6506-81e1-43a2-bcc1-80e18c7b0146/uk.representclo.com/cdn/shop/files/lvRe6H8bxPU8aT6f93KXHMeIJ1OxYQbOLDZZQQBPBQg.jpg?crop=center&height=1200&v=1778059945&width=1200
https://uk.representclo.com/products/represent-owners-club-long-sleeve-t-shirt-chalk,Represent Owners Club Long Sleeve T-Shirt - Chalk,XL,True,110.0,,https://scdn.speedsize.com/fbaf6506-81e1-43a2-bcc1-80e18c7b0146/uk.representclo.com/cdn/shop/files/lvRe6H8bxPU8aT6f93KXHMeIJ1OxYQbOLDZZQQBPBQg.jpg?crop=center&height=1200&v=1778059945&width=1200
https://uk.representclo.com/products/represent-owners-club-long-sleeve-t-shirt-chalk,Represent Owners Club Long Sleeve T-Shirt - Chalk,XXL,True,110.0,,https://scdn.speedsize.com/fbaf6506-81e1-43a2-bcc1-80e18c7b0146/uk.representclo.com/cdn/shop/files/lvRe6H8bxPU8aT6f93KXHMeIJ1OxYQbOLDZZQQBPBQg.jpg?crop=center&height=1200&v=1778059945&width=1200
https://uk.representclo.com/products/represent-owners-club-socks-flat-white-black-bf,Represent Owners Club Socks - Flat White Black,One Size,False,15.0,,https://scdn.speedsize.com/fbaf6506-81e1-43a2-bcc1-80e18c7b0146/uk.representclo.com/cdn/shop/files/socks_6c97eb03-f12d-4c11-91ad-d2b247930740.jpg?crop=center&height=1200&v=1732096095&width=1200
https://uk.representclo.com/products/represent-owners-club-t-shirt-ash-grey,Represent Owners Club T-Shirt - Ash Grey,XXS,True,90.0,,https://scdn.speedsize.com/fbaf6506-81e1-43a2-bcc1-80e18c7b0146/uk.representclo.com/cdn/shop/files/RepresentOwnersClubT-Shirt-AshGrey00016.jpg?crop=center&height=1200&v=1774860730&width=1200
https://uk.representclo.com/products/represent-owners-club-t-shirt-ash-grey,Represent Owners Club T-Shirt - Ash Grey,XS,True,90.0,,https://scdn.speedsize.com/fbaf6506-81e1-43a2-bcc1-80e18c7b0146/uk.representclo.com/cdn/shop/files/RepresentOwnersClubT-Shirt-AshGrey00016.jpg?crop=center&height=1200&v=1774860730&width=1200
https://uk.representclo.com/products/represent-owners-club-t-shirt-ash-grey,Represent Owners Club T-Shirt - Ash Grey,S,True,90.0,,https://scdn.speedsize.com/fbaf6506-81e1-43a2-bcc1-80e18c7b0146/uk.representclo.com/cdn/shop/files/RepresentOwnersClubT-Shirt-AshGrey00016.jpg?crop=center&height=1200&v=1774860730&width=1200
https://uk.representclo.com/products/represent-owners-club-t-shirt-ash-grey,Represent Owners Club T-Shirt - Ash Grey,M,True,90.0,,https://scdn.speedsize.com/fbaf6506-81e1-43a2-bcc1-80e18c7b0146/uk.representclo.com/cdn/shop/files/RepresentOwnersClubT-Shirt-AshGrey00016.jpg?crop=center&height=1200&v=1774860730&width=1200
https://uk.representclo.com/products/represent-owners-club-t-shirt-ash-grey,Represent Owners Club T-Shirt - Ash Grey,L,True,90.0,,https://scdn.speedsize.com/fbaf6506-81e1-43a2-bcc1-80e18c7b0146/uk.representclo.com/cdn/shop/files/RepresentOwnersClubT-Shirt-AshGrey00016.jpg?crop=center&height=1200&v=1774860730&width=1200
https://uk.representclo.com/products/represent-owners-club-t-shirt-ash-grey,Represent Owners Club T-Shirt - Ash Grey,XL,True,90.0,,https://scdn.speedsize.com/fbaf6506-81e1-43a2-bcc1-80e18c7b0146/uk.representclo.com/cdn/shop/files/RepresentOwnersClubT-Shirt-AshGrey00016.jpg?crop=center&height=1200&v=1774860730&width=1200
https://uk.representclo.com/products/represent-owners-club-t-shirt-ash-grey,Represent Owners Club T-Shirt - Ash Grey,XXL,True,90.0,,https://scdn.speedsize.com/fbaf6506-81e1-43a2-bcc1-80e18c7b0146/uk.representclo.com/cdn/shop/files/RepresentOwnersClubT-Shirt-AshGrey00016.jpg?crop=center&height=1200&v=1774860730&width=1200
https://uk.representclo.com/products/represent-owners-club-t-shirt-mushroom,Represent Owners Club T-Shirt - Mushroom,XXS,False,90.0,,https://scdn.speedsize.com/fbaf6506-81e1-43a2-bcc1-80e18c7b0146/uk.representclo.com/cdn/shop/files/OWNERSCLUBRESTOCKPACKSHOTSS00050.jpg?crop=center&height=1200&v=1774861017&width=1200
https://uk.representclo.com/products/represent-owners-club-t-shirt-mushroom,Represent Owners Club T-Shirt - Mushroom,XS,True,90.0,,https://scdn.speedsize.com/fbaf6506-81e1-43a2-bcc1-80e18c7b0146/uk.representclo.com/cdn/shop/files/OWNERSCLUBRESTOCKPACKSHOTSS00050.jpg?crop=center&height=1200&v=1774861017&width=1200
https://uk.representclo.com/products/represent-owners-club-t-shirt-mushroom,Represent Owners Club T-Shirt - Mushroom,S,True,90.0,,https://scdn.speedsize.com/fbaf6506-81e1-43a2-bcc1-80e18c7b0146/uk.representclo.com/cdn/shop/files/OWNERSCLUBRESTOCKPACKSHOTSS00050.jpg?crop=center&height=1200&v=1774861017&width=1200
https://uk.representclo.com/products/represent-owners-club-t-shirt-mushroom,Represent Owners Club T-Shirt - Mushroom,M,True,90.0,,https://scdn.speedsize.com/fbaf6506-81e1-43a2-bcc1-80e18c7b0146/uk.representclo.com/cdn/shop/files/OWNERSCLUBRESTOCKPACKSHOTSS00050.jpg?crop=center&height=1200&v=1774861017&width=1200
https://uk.representclo.com/products/represent-owners-club-t-shirt-mushroom,Represent Owners Club T-Shirt - Mushroom,L,True,90.0,,https://scdn.speedsize.com/fbaf6506-81e1-43a2-bcc1-80e18c7b0146/uk.representclo.com/cdn/shop/files/OWNERSCLUBRESTOCKPACKSHOTSS00050.jpg?crop=center&height=1200&v=1774861017&width=1200
https://uk.representclo.com/products/represent-owners-club-t-shirt-mushroom,Represent Owners Club T-Shirt - Mushroom,XL,True,90.0,,https://scdn.speedsize.com/fbaf6506-81e1-43a2-bcc1-80e18c7b0146/uk.representclo.com/cdn/shop/files/OWNERSCLUBRESTOCKPACKSHOTSS00050.jpg?crop=center&height=1200&v=1774861017&width=1200
https://uk.representclo.com/products/represent-owners-club-t-shirt-mushroom,Represent Owners Club T-Shirt - Mushroom,XXL,True,90.0,,https://scdn.speedsize.com/fbaf6506-81e1-43a2-bcc1-80e18c7b0146/uk.representclo.com/cdn/shop/files/OWNERSCLUBRESTOCKPACKSHOTSS00050.jpg?crop=center&height=1200&v=1774861017&width=1200
https://uk.representclo.com/products/represent-swim-short-earth,Represent Swim Short - Earth,XXS,False,85.0,,https://scdn.speedsize.com/fbaf6506-81e1-43a2-bcc1-80e18c7b0146/uk.representclo.com/cdn/shop/files/13f9P157DvCv7b8WotW10zK9nSTdxDbAl-x0T4pgbSQ.jpg?crop=center&height=1200&v=1774438575&width=1200
https://uk.representclo.com/products/represent-swim-short-earth,Represent Swim Short - Earth,XS,False,85.0,,https://scdn.speedsize.com/fbaf6506-81e1-43a2-bcc1-80e18c7b0146/uk.representclo.com/cdn/shop/files/13f9P157DvCv7b8WotW10zK9nSTdxDbAl-x0T4pgbSQ.jpg?crop=center&height=1200&v=1774438575&width=1200
https://uk.representclo.com/products/represent-swim-short-earth,Represent Swim Short - Earth,S,False,85.0,,https://scdn.speedsize.com/fbaf6506-81e1-43a2-bcc1-80e18c7b0146/uk.representclo.com/cdn/shop/files/13f9P157DvCv7b8WotW10zK9nSTdxDbAl-x0T4pgbSQ.jpg?crop=center&height=1200&v=1774438575&width=1200
https://uk.representclo.com/products/represent-swim-short-earth,Represent Swim Short - Earth,M,False,85.0,,https://scdn.speedsize.com/fbaf6506-81e1-43a2-bcc1-80e18c7b0146/uk.representclo.com/cdn/shop/files/13f9P157DvCv7b8WotW10zK9nSTdxDbAl-x0T4pgbSQ.jpg?crop=center&height=1200&v=1774438575&width=1200
https://uk.representclo.com/products/represent-swim-short-earth,Represent Swim Short - Earth,L,False,85.0,,https://scdn.speedsize.com/fbaf6506-81e1-43a2-bcc1-80e18c7b0146/uk.representclo.com/cdn/shop/files/13f9P157DvCv7b8WotW10zK9nSTdxDbAl-x0T4pgbSQ.jpg?crop=center&height=1200&v=1774438575&width=1200
https://uk.representclo.com/products/represent-swim-short-earth,Represent Swim Short - Earth,XL,False,85.0,,https://scdn.speedsize.com/fbaf6506-81e1-43a2-bcc1-80e18c7b0146/uk.representclo.com/cdn/shop/files/13f9P157DvCv7b8WotW10zK9nSTdxDbAl-x0T4pgbSQ.jpg?crop=center&height=1200&v=1774438575&width=1200
https://uk.representclo.com/products/represent-swim-short-earth,Represent Swim Short - Earth,XXL,False,85.0,,https://scdn.speedsize.com/fbaf6506-81e1-43a2-bcc1-80e18c7b0146/uk.representclo.com/cdn/shop/files/13f9P157DvCv7b8WotW10zK9nSTdxDbAl-x0T4pgbSQ.jpg?crop=center&height=1200&v=1774438575&width=1200
https://uk.representclo.com/products/represent-x-47-nothing-tougher-cap-navy,Represent x 47 Nothing Tougher Cap - Navy,One Size,True,65.0,,https://scdn.speedsize.com/fbaf6506-81e1-43a2-bcc1-80e18c7b0146/uk.representclo.com/cdn/shop/files/xkmWg5bKTibZLmfo-hxri9XORq-qDR3SImOQ7TGIhe4.jpg?crop=center&height=1200&v=1769410796&width=1200
https://uk.representclo.com/products/represent-x-belstaff-racing-hoodie-dark-grey,Represent X Belstaff Racing Hoodie - Dark Grey,XS,True,200.0,,https://scdn.speedsize.com/fbaf6506-81e1-43a2-bcc1-80e18c7b0146/uk.representclo.com/cdn/shop/files/0G29L0V3rME2h2_8Iwi0FbUxK_aoYwuDoecOsOTgzEk.jpg?crop=center&height=1200&v=1778489356&width=1200
https://uk.representclo.com/products/represent-x-belstaff-racing-hoodie-dark-grey,Represent X Belstaff Racing Hoodie - Dark Grey,S,True,200.0,,https://scdn.speedsize.com/fbaf6506-81e1-43a2-bcc1-80e18c7b0146/uk.representclo.com/cdn/shop/files/0G29L0V3rME2h2_8Iwi0FbUxK_aoYwuDoecOsOTgzEk.jpg?crop=center&height=1200&v=1778489356&width=1200
https://uk.representclo.com/products/represent-x-belstaff-racing-hoodie-dark-grey,Represent X Belstaff Racing Hoodie - Dark Grey,M,True,200.0,,https://scdn.speedsize.com/fbaf6506-81e1-43a2-bcc1-80e18c7b0146/uk.representclo.com/cdn/shop/files/0G29L0V3rME2h2_8Iwi0FbUxK_aoYwuDoecOsOTgzEk.jpg?crop=center&height=1200&v=1778489356&width=1200
https://uk.representclo.com/products/represent-x-belstaff-racing-hoodie-dark-grey,Represent X Belstaff Racing Hoodie - Dark Grey,L,True,200.0,,https://scdn.speedsize.com/fbaf6506-81e1-43a2-bcc1-80e18c7b0146/uk.representclo.com/cdn/shop/files/0G29L0V3rME2h2_8Iwi0FbUxK_aoYwuDoecOsOTgzEk.jpg?crop=center&height=1200&v=1778489356&width=1200
https://uk.representclo.com/products/represent-x-belstaff-racing-hoodie-dark-grey,Represent X Belstaff Racing Hoodie - Dark Grey,XL,False,200.0,,https://scdn.speedsize.com/fbaf6506-81e1-43a2-bcc1-80e18c7b0146/uk.representclo.com/cdn/shop/files/0G29L0V3rME2h2_8Iwi0FbUxK_aoYwuDoecOsOTgzEk.jpg?crop=center&height=1200&v=1778489356&width=1200
https://uk.representclo.com/products/represent-x-belstaff-racing-hoodie-dark-grey,Represent X Belstaff Racing Hoodie - Dark Grey,XXL,True,200.0,,https://scdn.speedsize.com/fbaf6506-81e1-43a2-bcc1-80e18c7b0146/uk.representclo.com/cdn/shop/files/0G29L0V3rME2h2_8Iwi0FbUxK_aoYwuDoecOsOTgzEk.jpg?crop=center&height=1200&v=1778489356&width=1200
https://uk.representclo.com/products/represent-x-mels-diner-t-shirt-jet-black,Represent x Mels Diner T-Shirt - Jet Black,XXS,True,100.0,,https://scdn.speedsize.com/fbaf6506-81e1-43a2-bcc1-80e18c7b0146/uk.representclo.com/cdn/shop/files/DsSgUTY3kJwdNxDExxPd6-RsVp9z41jQQdvE_iHopxM.jpg?crop=center&height=1200&v=1774438803&width=1200
https://uk.representclo.com/products/represent-x-mels-diner-t-shirt-jet-black,Represent x Mels Diner T-Shirt - Jet Black,XS,True,100.0,,https://scdn.speedsize.com/fbaf6506-81e1-43a2-bcc1-80e18c7b0146/uk.representclo.com/cdn/shop/files/DsSgUTY3kJwdNxDExxPd6-RsVp9z41jQQdvE_iHopxM.jpg?crop=center&height=1200&v=1774438803&width=1200
https://uk.representclo.com/products/represent-x-mels-diner-t-shirt-jet-black,Represent x Mels Diner T-Shirt - Jet Black,S,True,100.0,,https://scdn.speedsize.com/fbaf6506-81e1-43a2-bcc1-80e18c7b0146/uk.representclo.com/cdn/shop/files/DsSgUTY3kJwdNxDExxPd6-RsVp9z41jQQdvE_iHopxM.jpg?crop=center&height=1200&v=1774438803&width=1200
https://uk.representclo.com/products/represent-x-mels-diner-t-shirt-jet-black,Represent x Mels Diner T-Shirt - Jet Black,M,True,100.0,,https://scdn.speedsize.com/fbaf6506-81e1-43a2-bcc1-80e18c7b0146/uk.representclo.com/cdn/shop/files/DsSgUTY3kJwdNxDExxPd6-RsVp9z41jQQdvE_iHopxM.jpg?crop=center&height=1200&v=1774438803&width=1200
https://uk.representclo.com/products/represent-x-mels-diner-t-shirt-jet-black,Represent x Mels Diner T-Shirt - Jet Black,L,False,100.0,,https://scdn.speedsize.com/fbaf6506-81e1-43a2-bcc1-80e18c7b0146/uk.representclo.com/cdn/shop/files/DsSgUTY3kJwdNxDExxPd6-RsVp9z41jQQdvE_iHopxM.jpg?crop=center&height=1200&v=1774438803&width=1200
https://uk.representclo.com/products/represent-x-mels-diner-t-shirt-jet-black,Represent x Mels Diner T-Shirt - Jet Black,XL,False,100.0,,https://scdn.speedsize.com/fbaf6506-81e1-43a2-bcc1-80e18c7b0146/uk.representclo.com/cdn/shop/files/DsSgUTY3kJwdNxDExxPd6-RsVp9z41jQQdvE_iHopxM.jpg?crop=center&height=1200&v=1774438803&width=1200
https://uk.representclo.com/products/represent-x-mels-diner-t-shirt-jet-black,Represent x Mels Diner T-Shirt - Jet Black,XXL,False,100.0,,https://scdn.speedsize.com/fbaf6506-81e1-43a2-bcc1-80e18c7b0146/uk.representclo.com/cdn/shop/files/DsSgUTY3kJwdNxDExxPd6-RsVp9z41jQQdvE_iHopxM.jpg?crop=center&height=1200&v=1774438803&width=1200
https://uk.representclo.com/products/represent-x-the-viper-room-dice-hoodie-vintage-grey,Represent x The Viper Room Dice Hoodie - Vintage Grey,XXS,False,180.0,,https://scdn.speedsize.com/fbaf6506-81e1-43a2-bcc1-80e18c7b0146/cdn.shopify.com/s/files/1/0181/2235/files/8H9e4eX7Hu1AA44fGW8fw9uXEoGba4totZVb03vkCAs.jpg?crop=center&height=1200&v=1774438871&width=1200
https://uk.representclo.com/products/represent-x-the-viper-room-dice-hoodie-vintage-grey,Represent x The Viper Room Dice Hoodie - Vintage Grey,XS,True,180.0,,https://scdn.speedsize.com/fbaf6506-81e1-43a2-bcc1-80e18c7b0146/cdn.shopify.com/s/files/1/0181/2235/files/8H9e4eX7Hu1AA44fGW8fw9uXEoGba4totZVb03vkCAs.jpg?crop=center&height=1200&v=1774438871&width=1200
https://uk.representclo.com/products/represent-x-the-viper-room-dice-hoodie-vintage-grey,Represent x The Viper Room Dice Hoodie - Vintage Grey,S,True,180.0,,https://scdn.speedsize.com/fbaf6506-81e1-43a2-bcc1-80e18c7b0146/cdn.shopify.com/s/files/1/0181/2235/files/8H9e4eX7Hu1AA44fGW8fw9uXEoGba4totZVb03vkCAs.jpg?crop=center&height=1200&v=1774438871&width=1200
https://uk.representclo.com/products/represent-x-the-viper-room-dice-hoodie-vintage-grey,Represent x The Viper Room Dice Hoodie - Vintage Grey,M,True,180.0,,https://scdn.speedsize.com/fbaf6506-81e1-43a2-bcc1-80e18c7b0146/cdn.shopify.com/s/files/1/0181/2235/files/8H9e4eX7Hu1AA44fGW8fw9uXEoGba4totZVb03vkCAs.jpg?crop=center&height=1200&v=1774438871&width=1200
https://uk.representclo.com/products/represent-x-the-viper-room-dice-hoodie-vintage-grey,Represent x The Viper Room Dice Hoodie - Vintage Grey,L,True,180.0,,https://scdn.speedsize.com/fbaf6506-81e1-43a2-bcc1-80e18c7b0146/cdn.shopify.com/s/files/1/0181/2235/files/8H9e4eX7Hu1AA44fGW8fw9uXEoGba4totZVb03vkCAs.jpg?crop=center&height=1200&v=1774438871&width=1200
https://uk.representclo.com/products/represent-x-the-viper-room-dice-hoodie-vintage-grey,Represent x The Viper Room Dice Hoodie - Vintage Grey,XL,True,180.0,,https://scdn.speedsize.com/fbaf6506-81e1-43a2-bcc1-80e18c7b0146/cdn.shopify.com/s/files/1/0181/2235/files/8H9e4eX7Hu1AA44fGW8fw9uXEoGba4totZVb03vkCAs.jpg?crop=center&height=1200&v=1774438871&width=1200
https://uk.representclo.com/products/represent-x-the-viper-room-dice-hoodie-vintage-grey,Represent x The Viper Room Dice Hoodie - Vintage Grey,XXL,True,180.0,,https://scdn.speedsize.com/fbaf6506-81e1-43a2-bcc1-80e18c7b0146/cdn.shopify.com/s/files/1/0181/2235/files/8H9e4eX7Hu1AA44fGW8fw9uXEoGba4totZVb03vkCAs.jpg?crop=center&height=1200&v=1774438871&width=1200
https://uk.representclo.com/products/reversible-living-legacy-tour-t-shirt-flat-white,Reversible Living Legacy Tour T-Shirt - Flat White,XXS,False,130.0,,https://scdn.speedsize.com/fbaf6506-81e1-43a2-bcc1-80e18c7b0146/uk.representclo.com/cdn/shop/files/FWJERSEY-23.jpg?crop=center&height=1200&v=1761770104&width=1200
https://uk.representclo.com/products/reversible-living-legacy-tour-t-shirt-flat-white,Reversible Living Legacy Tour T-Shirt - Flat White,XS,True,130.0,,https://scdn.speedsize.com/fbaf6506-81e1-43a2-bcc1-80e18c7b0146/uk.representclo.com/cdn/shop/files/FWJERSEY-23.jpg?crop=center&height=1200&v=1761770104&width=1200
https://uk.representclo.com/products/reversible-living-legacy-tour-t-shirt-flat-white,Reversible Living Legacy Tour T-Shirt - Flat White,S,True,130.0,,https://scdn.speedsize.com/fbaf6506-81e1-43a2-bcc1-80e18c7b0146/uk.representclo.com/cdn/shop/files/FWJERSEY-23.jpg?crop=center&height=1200&v=1761770104&width=1200
https://uk.representclo.com/products/reversible-living-legacy-tour-t-shirt-flat-white,Reversible Living Legacy Tour T-Shirt - Flat White,M,True,130.0,,https://scdn.speedsize.com/fbaf6506-81e1-43a2-bcc1-80e18c7b0146/uk.representclo.com/cdn/shop/files/FWJERSEY-23.jpg?crop=center&height=1200&v=1761770104&width=1200
https://uk.representclo.com/products/reversible-living-legacy-tour-t-shirt-flat-white,Reversible Living Legacy Tour T-Shirt - Flat White,L,True,130.0,,https://scdn.speedsize.com/fbaf6506-81e1-43a2-bcc1-80e18c7b0146/uk.representclo.com/cdn/shop/files/FWJERSEY-23.jpg?crop=center&height=1200&v=1761770104&width=1200
https://uk.representclo.com/products/reversible-living-legacy-tour-t-shirt-flat-white,Reversible Living Legacy Tour T-Shirt - Flat White,XL,True,130.0,,https://scdn.speedsize.com/fbaf6506-81e1-43a2-bcc1-80e18c7b0146/uk.representclo.com/cdn/shop/files/FWJERSEY-23.jpg?crop=center&height=1200&v=1761770104&width=1200
https://uk.representclo.com/products/reversible-living-legacy-tour-t-shirt-flat-white,Reversible Living Legacy Tour T-Shirt - Flat White,XXL,False,130.0,,https://scdn.speedsize.com/fbaf6506-81e1-43a2-bcc1-80e18c7b0146/uk.representclo.com/cdn/shop/files/FWJERSEY-23.jpg?crop=center&height=1200&v=1761770104&width=1200
https://uk.representclo.com/products/slim-aviator-sunglasses-silver-brown,Slim Aviator Sunglasses - Silver Brown,One Size,True,160.0,,https://scdn.speedsize.com/fbaf6506-81e1-43a2-bcc1-80e18c7b0146/uk.representclo.com/cdn/shop/files/bagsandsunglasses_0001_Layer9.jpg?crop=center&height=1200&v=1742395598&width=1200
https://uk.representclo.com/products/storm-runner-off-white,Storm Runner - Off White,UK6 / EU40 / US7,True,250.0,,https://scdn.speedsize.com/fbaf6506-81e1-43a2-bcc1-80e18c7b0146/uk.representclo.com/cdn/shop/files/STORMRUNNER_FOOTWEAR_10copy.jpg?crop=center&height=1200&v=1726059021&width=1200
https://uk.representclo.com/products/storm-runner-off-white,Storm Runner - Off White,UK6.5 / EU40.5 / US7.5,False,250.0,,https://scdn.speedsize.com/fbaf6506-81e1-43a2-bcc1-80e18c7b0146/uk.representclo.com/cdn/shop/files/STORMRUNNER_FOOTWEAR_10copy.jpg?crop=center&height=1200&v=1726059021&width=1200
https://uk.representclo.com/products/storm-runner-off-white,Storm Runner - Off White,UK7 / EU41 / US8,True,250.0,,https://scdn.speedsize.com/fbaf6506-81e1-43a2-bcc1-80e18c7b0146/uk.representclo.com/cdn/shop/files/STORMRUNNER_FOOTWEAR_10copy.jpg?crop=center&height=1200&v=1726059021&width=1200
https://uk.representclo.com/products/storm-runner-off-white,Storm Runner - Off White,UK7.5 / EU41.5 / US8.5,True,250.0,,https://scdn.speedsize.com/fbaf6506-81e1-43a2-bcc1-80e18c7b0146/uk.representclo.com/cdn/shop/files/STORMRUNNER_FOOTWEAR_10copy.jpg?crop=center&height=1200&v=1726059021&width=1200
https://uk.representclo.com/products/storm-runner-off-white,Storm Runner - Off White,UK8 / EU42 / US9,True,250.0,,https://scdn.speedsize.com/fbaf6506-81e1-43a2-bcc1-80e18c7b0146/uk.representclo.com/cdn/shop/files/STORMRUNNER_FOOTWEAR_10copy.jpg?crop=center&height=1200&v=1726059021&width=1200
https://uk.representclo.com/products/storm-runner-off-white,Storm Runner - Off White,UK8.5 / EU42.5 / US9.5,True,250.0,,https://scdn.speedsize.com/fbaf6506-81e1-43a2-bcc1-80e18c7b0146/uk.representclo.com/cdn/shop/files/STORMRUNNER_FOOTWEAR_10copy.jpg?crop=center&height=1200&v=1726059021&width=1200
https://uk.representclo.com/products/storm-runner-off-white,Storm Runner - Off White,UK9 / EU43 / US10,True,250.0,,https://scdn.speedsize.com/fbaf6506-81e1-43a2-bcc1-80e18c7b0146/uk.representclo.com/cdn/shop/files/STORMRUNNER_FOOTWEAR_10copy.jpg?crop=center&height=1200&v=1726059021&width=1200
https://uk.representclo.com/products/storm-runner-off-white,Storm Runner - Off White,UK9.5 / EU43.5 / US10.5,False,250.0,,https://scdn.speedsize.com/fbaf6506-81e1-43a2-bcc1-80e18c7b0146/uk.representclo.com/cdn/shop/files/STORMRUNNER_FOOTWEAR_10copy.jpg?crop=center&height=1200&v=1726059021&width=1200
https://uk.representclo.com/products/storm-runner-off-white,Storm Runner - Off White,UK10 / EU44 / US11,True,250.0,,https://scdn.speedsize.com/fbaf6506-81e1-43a2-bcc1-80e18c7b0146/uk.representclo.com/cdn/shop/files/STORMRUNNER_FOOTWEAR_10copy.jpg?crop=center&height=1200&v=1726059021&width=1200
https://uk.representclo.com/products/storm-runner-off-white,Storm Runner - Off White,UK10.5 / EU44.5 / US11.5,True,250.0,,https://scdn.speedsize.com/fbaf6506-81e1-43a2-bcc1-80e18c7b0146/uk.representclo.com/cdn/shop/files/STORMRUNNER_FOOTWEAR_10copy.jpg?crop=center&height=1200&v=1726059021&width=1200
https://uk.representclo.com/products/storm-runner-off-white,Storm Runner - Off White,UK11 / EU45 / US12,False,250.0,,https://scdn.speedsize.com/fbaf6506-81e1-43a2-bcc1-80e18c7b0146/uk.representclo.com/cdn/shop/files/STORMRUNNER_FOOTWEAR_10copy.jpg?crop=center&height=1200&v=1726059021&width=1200
https://uk.representclo.com/products/storm-runner-off-white,Storm Runner - Off White,UK11.5 / EU45.5 / US12.5,False,250.0,,https://scdn.speedsize.com/fbaf6506-81e1-43a2-bcc1-80e18c7b0146/uk.representclo.com/cdn/shop/files/STORMRUNNER_FOOTWEAR_10copy.jpg?crop=center&height=1200&v=1726059021&width=1200
https://uk.representclo.com/products/storm-runner-off-white,Storm Runner - Off White,UK12 / EU46 / US13,False,250.0,,https://scdn.speedsize.com/fbaf6506-81e1-43a2-bcc1-80e18c7b0146/uk.representclo.com/cdn/shop/files/STORMRUNNER_FOOTWEAR_10copy.jpg?crop=center&height=1200&v=1726059021&width=1200
https://uk.representclo.com/products/storm-runner-off-white,Storm Runner - Off White,UK12.5 / EU46.5 / US13.5,False,250.0,,https://scdn.speedsize.com/fbaf6506-81e1-43a2-bcc1-80e18c7b0146/uk.representclo.com/cdn/shop/files/STORMRUNNER_FOOTWEAR_10copy.jpg?crop=center&height=1200&v=1726059021&width=1200
https://uk.representclo.com/products/storm-runner-off-white,Storm Runner - Off White,UK13 / EU47 / US14,True,250.0,,https://scdn.speedsize.com/fbaf6506-81e1-43a2-bcc1-80e18c7b0146/uk.representclo.com/cdn/shop/files/STORMRUNNER_FOOTWEAR_10copy.jpg?crop=center&height=1200&v=1726059021&width=1200
https://uk.representclo.com/products/suede-leather-tote-bag-brown,Suede Leather Tote Bag - Brown,One Size,True,350.0,,https://scdn.speedsize.com/fbaf6506-81e1-43a2-bcc1-80e18c7b0146/uk.representclo.com/cdn/shop/files/TFa-5xA8fmeKqoFf2iLUbTozwjw-0dBJqcbZTqkibtE.jpg?crop=center&height=1200&v=1774439242&width=1200
https://uk.representclo.com/products/team-247-oversized-t-shirt-flat-white,Team 247 Oversized T-Shirt - Flat White,XXS,False,70.0,,https://scdn.speedsize.com/fbaf6506-81e1-43a2-bcc1-80e18c7b0146/uk.representclo.com/cdn/shop/files/0lJZQzBPXEAx33fMq842RpwHe9_cq2LkOUxbqzP_b8A.jpg?crop=center&height=1200&v=1765814086&width=1200
https://uk.representclo.com/products/team-247-oversized-t-shirt-flat-white,Team 247 Oversized T-Shirt - Flat White,XS,True,70.0,,https://scdn.speedsize.com/fbaf6506-81e1-43a2-bcc1-80e18c7b0146/uk.representclo.com/cdn/shop/files/0lJZQzBPXEAx33fMq842RpwHe9_cq2LkOUxbqzP_b8A.jpg?crop=center&height=1200&v=1765814086&width=1200
https://uk.representclo.com/products/team-247-oversized-t-shirt-flat-white,Team 247 Oversized T-Shirt - Flat White,S,True,70.0,,https://scdn.speedsize.com/fbaf6506-81e1-43a2-bcc1-80e18c7b0146/uk.representclo.com/cdn/shop/files/0lJZQzBPXEAx33fMq842RpwHe9_cq2LkOUxbqzP_b8A.jpg?crop=center&height=1200&v=1765814086&width=1200
https://uk.representclo.com/products/team-247-oversized-t-shirt-flat-white,Team 247 Oversized T-Shirt - Flat White,M,True,70.0,,https://scdn.speedsize.com/fbaf6506-81e1-43a2-bcc1-80e18c7b0146/uk.representclo.com/cdn/shop/files/0lJZQzBPXEAx33fMq842RpwHe9_cq2LkOUxbqzP_b8A.jpg?crop=center&height=1200&v=1765814086&width=1200
https://uk.representclo.com/products/team-247-oversized-t-shirt-flat-white,Team 247 Oversized T-Shirt - Flat White,L,True,70.0,,https://scdn.speedsize.com/fbaf6506-81e1-43a2-bcc1-80e18c7b0146/uk.representclo.com/cdn/shop/files/0lJZQzBPXEAx33fMq842RpwHe9_cq2LkOUxbqzP_b8A.jpg?crop=center&height=1200&v=1765814086&width=1200
https://uk.representclo.com/products/team-247-oversized-t-shirt-flat-white,Team 247 Oversized T-Shirt - Flat White,XL,True,70.0,,https://scdn.speedsize.com/fbaf6506-81e1-43a2-bcc1-80e18c7b0146/uk.representclo.com/cdn/shop/files/0lJZQzBPXEAx33fMq842RpwHe9_cq2LkOUxbqzP_b8A.jpg?crop=center&height=1200&v=1765814086&width=1200
https://uk.representclo.com/products/team-247-oversized-t-shirt-flat-white,Team 247 Oversized T-Shirt - Flat White,XXL,True,70.0,,https://scdn.speedsize.com/fbaf6506-81e1-43a2-bcc1-80e18c7b0146/uk.representclo.com/cdn/shop/files/0lJZQzBPXEAx33fMq842RpwHe9_cq2LkOUxbqzP_b8A.jpg?crop=center&height=1200&v=1765814086&width=1200
https://uk.representclo.com/products/team-247-x-47-trucker-cap-graphene,Team 247 x 47 Trucker Cap - Graphene,One Size,True,65.0,,https://scdn.speedsize.com/fbaf6506-81e1-43a2-bcc1-80e18c7b0146/uk.representclo.com/cdn/shop/files/0001s_0002_Hue_Saturation4.jpg?crop=center&height=1200&v=1780653322&width=1200
https://uk.representclo.com/products/three-dogs-jersey-mid-brown,Three Dogs Jersey - Mid Brown,,,,,https://scdn.speedsize.com/fbaf6506-81e1-43a2-bcc1-80e18c7b0146/uk.representclo.com/cdn/shop/files/Pz7awCMSnoP10cM-J1pW2xMXV1rooO5bcm_R7CFq4Ek.jpg?crop=center&height=1200&v=1753180813&width=1200
https://uk.representclo.com/products/western-initial-t-shirt-flat-white,Western Initial T-Shirt - Flat White,XXS,False,100.0,,https://scdn.speedsize.com/fbaf6506-81e1-43a2-bcc1-80e18c7b0146/uk.representclo.com/cdn/shop/files/g_yuR_RYgEyuvEQf68sDSL3vPxfZhHa33ZyWqlPNR0I.jpg?crop=center&height=1200&v=1769411637&width=1200
https://uk.representclo.com/products/western-initial-t-shirt-flat-white,Western Initial T-Shirt - Flat White,XS,False,100.0,,https://scdn.speedsize.com/fbaf6506-81e1-43a2-bcc1-80e18c7b0146/uk.representclo.com/cdn/shop/files/g_yuR_RYgEyuvEQf68sDSL3vPxfZhHa33ZyWqlPNR0I.jpg?crop=center&height=1200&v=1769411637&width=1200
https://uk.representclo.com/products/western-initial-t-shirt-flat-white,Western Initial T-Shirt - Flat White,S,False,100.0,,https://scdn.speedsize.com/fbaf6506-81e1-43a2-bcc1-80e18c7b0146/uk.representclo.com/cdn/shop/files/g_yuR_RYgEyuvEQf68sDSL3vPxfZhHa33ZyWqlPNR0I.jpg?crop=center&height=1200&v=1769411637&width=1200
https://uk.representclo.com/products/western-initial-t-shirt-flat-white,Western Initial T-Shirt - Flat White,M,False,100.0,,https://scdn.speedsize.com/fbaf6506-81e1-43a2-bcc1-80e18c7b0146/uk.representclo.com/cdn/shop/files/g_yuR_RYgEyuvEQf68sDSL3vPxfZhHa33ZyWqlPNR0I.jpg?crop=center&height=1200&v=1769411637&width=1200
https://uk.representclo.com/products/western-initial-t-shirt-flat-white,Western Initial T-Shirt - Flat White,L,True,100.0,,https://scdn.speedsize.com/fbaf6506-81e1-43a2-bcc1-80e18c7b0146/uk.representclo.com/cdn/shop/files/g_yuR_RYgEyuvEQf68sDSL3vPxfZhHa33ZyWqlPNR0I.jpg?crop=center&height=1200&v=1769411637&width=1200
https://uk.representclo.com/products/western-initial-t-shirt-flat-white,Western Initial T-Shirt - Flat White,XL,True,100.0,,https://scdn.speedsize.com/fbaf6506-81e1-43a2-bcc1-80e18c7b0146/uk.representclo.com/cdn/shop/files/g_yuR_RYgEyuvEQf68sDSL3vPxfZhHa33ZyWqlPNR0I.jpg?crop=center&height=1200&v=1769411637&width=1200
https://uk.representclo.com/products/western-initial-t-shirt-flat-white,Western Initial T-Shirt - Flat White,XXL,True,100.0,,https://scdn.speedsize.com/fbaf6506-81e1-43a2-bcc1-80e18c7b0146/uk.representclo.com/cdn/shop/files/g_yuR_RYgEyuvEQf68sDSL3vPxfZhHa33ZyWqlPNR0I.jpg?crop=center&height=1200&v=1769411637&width=1200
